"","Company","SeasonEpisode","Number of Presenters","Eth1","Eth2","Eth3","Eth4","Eth5","Male1","Male2","Male3","Male4","Female1","Female2","Female3","Female4","Novelties","Health / Wellness","Food and Beverage","Business Services","Lifestyle / Home","Software / Tech","Children / Education","Automotive","Fashion / Beauty","Media / Entertainment","Fitness / Sports / Outdoors","Pet Products","Travel","Green/CleanTech","Uncertain / Other","MalePresenter","FemalePresenter","MixedGenderPresenters","CompanyState","AmountRequested","EquityRequested","ImpliedValuationRequested","BarbaraCorcoran","MarkCuban","LoriGreiner","RobertHerjavec","DaymondJohn","KevinOLeary","KevinHarrington","Guest"
"1","IonicEar","Shark.Tank.S01E01",1,2,0,0,0,0,1,0,0,0,0,0,0,0,1,0,0,0,0,0,0,0,0,0,0,0,0,0,0,1,0,0,"MN",1e+06,0.15,6666667,1,0,0,1,1,1,1,0
"2","Lifebelt","Shark.Tank.S01E02",1,2,0,0,0,0,1,0,0,0,0,0,0,0,0,0,0,0,0,0,0,1,0,0,0,0,0,0,0,1,0,0,"NV",5e+05,0.1,5e+06,1,0,0,1,1,1,1,0
"3","VoyageAirGuitar","Shark.Tank.S01E03",2,2,2,0,0,0,1,1,0,0,0,0,0,0,0,0,0,0,0,0,0,0,0,1,0,0,0,0,0,1,0,0,"CA",5e+05,0.05,1e+07,1,0,0,1,1,1,1,0
"4","50StateCapitalsin50Minutes","Shark.Tank.S01E03",1,2,0,0,0,0,1,0,0,0,0,0,0,0,0,0,0,0,0,0,1,0,0,0,0,0,0,0,0,1,0,0,"TX",155000,0.1,1550000,1,0,0,1,1,1,1,0
"5","CoffeeBrandGifts","Shark.Tank.S01E04",1,2,0,0,0,0,1,0,0,0,0,0,0,0,1,0,0,0,0,0,0,0,0,0,0,0,0,0,0,1,0,0,"OH",3e+05,0.4,750000,1,0,0,1,1,1,1,0
"6","GraffitiRemovalServices","Shark.Tank.S01E04",1,2,0,0,0,0,1,0,0,0,0,0,0,0,0,0,0,1,0,0,0,0,0,0,0,0,0,0,0,1,0,0,"OR",350000,0.15,2333333,1,0,0,1,1,1,1,0
"7","GoodGriefCelebrations","Shark.Tank.S01E05",1,1,0,0,0,0,0,0,0,0,1,0,0,0,0,0,0,1,0,0,0,0,0,0,0,0,0,0,0,0,1,0,"PA",50000,0.25,2e+05,1,0,0,1,1,1,1,0
"8","CreativeBlok","Shark.Tank.S01E05",1,2,0,0,0,0,0,0,0,0,1,0,0,0,1,0,0,0,0,0,0,0,0,0,0,0,0,0,0,0,1,0,"CA",50000,0.3,166667,1,0,0,1,1,1,1,0
"9","CharcoalUnderwear","Shark.Tank.S01E06",2,2,2,0,0,0,1,0,0,0,0,1,0,0,0,0,0,0,0,0,0,0,1,0,0,0,0,0,0,0,0,1,"CO",55000,0.25,220000,1,0,0,1,1,1,1,0
"10","Kalyx","Shark.Tank.S01E06",1,2,0,0,0,0,0,0,0,0,1,0,0,0,0,0,0,0,0,0,0,0,1,0,0,0,0,0,0,0,1,0,"NC",125000,0.2,625000,1,0,0,1,1,1,1,0
"11","PorkBarrelBBQ","Shark.Tank.S01E06",2,2,2,0,0,0,1,1,0,0,0,0,0,0,0,0,1,0,0,0,0,0,0,0,0,0,0,0,0,1,0,0,"VA",50000,0.1,5e+05,1,0,0,1,1,1,1,0
"12","WashedUpHollywood","Shark.Tank.S01E08",1,2,0,0,0,0,1,0,0,0,0,0,0,0,0,0,0,0,0,0,0,0,1,0,0,0,0,0,0,1,0,0,"CA",5e+05,0.25,2e+06,1,0,0,1,1,1,1,0
"13","Notehall","Shark.Tank.S01E08",2,2,2,0,0,0,1,1,0,0,0,0,0,0,0,0,0,1,0,0,0,0,0,0,0,0,0,0,0,1,0,0,"CA",90000,0.1,9e+05,1,0,0,1,1,1,1,0
"14","TreasureChestPets","Shark.Tank.S01E08",1,2,0,0,0,0,0,0,0,0,1,0,0,0,0,0,0,0,0,0,0,0,0,1,0,0,0,0,0,0,1,0,"CA",150000,0.2,750000,1,0,0,1,1,1,1,0
"15","Cornucopia","Shark.Tank.S01E09",2,2,2,0,0,0,1,0,0,0,0,1,0,0,0,0,0,0,0,0,0,0,0,0,0,1,0,0,0,1,0,0,"NY",3e+05,0.15,2e+06,1,0,0,1,1,1,1,0
"16","ChillSoda","Shark.Tank.S01E09",1,2,0,0,0,0,1,0,0,0,0,0,0,0,0,0,1,0,0,0,0,0,0,0,0,0,0,0,0,1,0,0,"CA",50000,0.1,5e+05,1,0,0,1,1,1,1,0
"17","JumpForward","Shark.Tank.S01E10",2,2,4,0,0,0,1,1,0,0,0,0,0,0,0,0,0,1,0,0,0,0,0,0,0,0,0,0,0,1,0,0,"IL",150000,0.1,1500000,1,0,0,1,1,1,1,0
"18","Mr.Poncho","Shark.Tank.S01E10",2,3,2,0,0,0,0,1,0,0,1,0,0,0,0,0,0,0,0,1,0,0,0,0,0,0,0,0,0,0,0,1,"NY",50000,0.25,2e+05,1,0,0,1,1,1,1,0
"19","WeeCanShop","Shark.Tank.S01E12",2,0,0,0,0,0,1,0,0,0,0,0,0,0,0,0,0,0,0,0,0,0,0,1,0,0,0,0,0,0,0,1,"NJ",2e+05,0.3,666667,1,0,0,1,1,1,1,0
"20","Podillow","Shark.Tank.S01E12",2,0,0,0,0,0,1,0,0,0,0,0,0,0,1,0,0,0,0,0,0,0,0,0,0,0,0,0,0,0,0,1,"CA",250000,0.33,757576,1,0,0,1,1,1,1,0
"21","LegalGrind","Shark.Tank.S01E13",2,2,2,0,0,0,1,0,0,0,0,1,0,0,0,0,0,1,0,0,0,0,0,0,0,0,0,0,0,0,0,1,"CA",2e+05,0.15,1333333,1,0,0,1,1,1,1,0
"22","Qubits","Shark.Tank.S01E14",1,2,0,0,0,0,1,0,0,0,0,0,0,0,0,0,0,0,0,0,0,0,0,1,0,0,0,0,0,1,0,0,"FL",90000,0.51,176471,1,0,0,1,1,1,1,0
"23","SendABall","Shark.Tank.S01E14",2,4,4,0,0,0,0,0,0,0,1,1,0,0,1,0,0,0,0,0,0,0,0,0,0,0,0,0,0,0,1,0,"IL",86000,0.2,430000,1,0,0,1,1,1,1,0
"24","CBSFoods","Shark.Tank.S02E01",1,1,0,0,0,0,1,0,0,0,0,0,0,0,0,0,1,0,0,0,0,0,0,0,0,0,0,0,0,1,0,0,"TN",2e+05,0.25,8e+05,1,1,0,1,1,1,0,0
"25","WurkinStiffs","Shark.Tank.S02E01",1,2,0,0,0,0,1,0,0,0,0,0,0,0,0,0,0,0,0,0,0,0,1,0,0,0,0,0,0,1,0,0,"FL",85000,0.1,850000,1,1,0,1,1,1,0,0
"26","WakenBacon","Shark.Tank.S02E02",1,2,0,0,0,0,1,0,0,0,0,0,0,0,1,0,0,0,0,0,0,0,0,0,0,0,0,0,0,1,0,0,"CA",40000,0.2,2e+05,1,1,0,1,1,1,0,0
"27","PureAyre","Shark.Tank.S02E03",1,2,0,0,0,0,1,0,0,0,0,0,0,0,0,0,0,0,1,0,0,0,0,0,0,0,0,0,0,1,0,0,"WA",150000,0.1,1500000,1,0,0,1,1,1,1,0
"28","FlipOutz","Shark.Tank.S02E03",0,0,0,0,0,0,0,0,0,0,0,0,0,0,0,0,0,0,0,0,0,0,0,1,0,0,0,0,0,0,0,1,"NC",1e+05,0.2,5e+05,1,0,0,1,1,1,1,0
"29","ClipnGo","Shark.Tank.S02E05",1,2,0,0,0,0,1,0,0,0,0,0,0,0,1,0,0,0,0,0,0,0,0,0,0,0,0,0,0,0,0,1,"IL",5e+05,0.3,1666667,1,0,0,1,1,1,1,0
"30","HotMamaGowns","Shark.Tank.S02E06",1,2,0,0,0,0,0,0,0,0,1,0,0,0,0,0,0,0,0,0,1,0,0,0,0,0,0,0,0,0,1,0,"MD",30000,0.2,150000,1,0,0,1,1,1,1,0
"31","SweepEasy","Shark.Tank.S02E06",1,2,0,0,0,0,1,0,0,0,0,0,0,0,0,0,0,0,1,0,0,0,0,0,0,0,0,0,0,1,0,0,"AZ",40000,0.25,160000,1,0,0,1,1,1,1,0
"32","DaisyCakes","Shark.Tank.S02E06",1,2,0,0,0,0,0,0,0,0,1,0,0,0,0,0,1,0,0,0,0,0,0,0,0,0,0,0,0,0,1,0,"SC",50000,0.25,2e+05,1,0,0,1,1,1,1,0
"33","OriginalRunnerCompany","Shark.Tank.S02E08",1,2,0,0,0,0,0,0,0,0,1,0,0,0,0,0,0,0,0,0,0,0,1,0,0,0,0,0,0,0,1,0,"NJ",250000,0.15,1666667,1,1,0,1,1,1,0,0
"34","MyWonderfulLife","Shark.Tank.S03E01",2,2,2,0,0,0,0,0,0,0,1,1,0,0,0,0,0,1,0,0,0,0,0,0,0,0,0,0,0,0,1,0,"MN",1e+05,0.1,1e+06,1,1,0,1,1,1,0,0
"35","Invis-A-Rack","Shark.Tank.S03E02",1,2,0,0,0,0,1,0,0,0,0,0,0,0,0,0,0,0,0,0,0,1,0,0,0,0,0,0,0,1,0,0,"NC",1e+05,0.1,1e+06,1,1,0,1,1,1,0,0
"36","RickSmithJr.VegasMagicShow","Shark.Tank.S03E02",1,2,0,0,0,0,1,0,0,0,0,0,0,0,0,0,0,0,0,0,0,0,0,1,0,0,0,0,0,1,0,0,"OH",1500000,0.2,7500000,1,1,0,1,1,1,0,0
"37","TailLightz","Shark.Tank.S03E03",1,2,0,0,0,0,1,0,0,0,0,0,0,0,0,0,0,0,0,1,0,0,0,0,0,0,0,0,0,1,0,0,"CA",50000,0.5,1e+05,1,1,0,1,1,1,0,0
"38","TheSwilt","Shark.Tank.S03E04",1,1,0,0,0,0,0,0,0,0,1,0,0,0,0,0,0,0,0,0,0,0,1,0,0,0,0,0,0,0,1,0,"CA",30000,0.35,85714,0,1,1,1,1,1,0,0
"39","ReadeREST","Shark.Tank.S03E06",1,2,0,0,0,0,1,0,0,0,0,0,0,0,1,0,0,0,0,0,0,0,0,0,0,0,0,0,0,1,0,0,"TX",150000,0.15,1e+06,0,1,1,1,1,1,0,0
"40","TheHeatHelper","Shark.Tank.S03E07",1,2,0,0,0,0,1,0,0,0,0,0,0,0,0,0,0,0,1,0,0,0,0,0,0,0,0,0,0,1,0,0,"KS",1e+05,0.5,2e+05,1,1,0,1,1,1,0,0
"41","TheSmartBaker","Shark.Tank.S03E07",2,2,2,0,0,0,1,0,0,0,0,1,0,0,0,0,0,0,1,0,0,0,0,0,0,0,0,0,0,0,0,1,"FL",75000,0.25,3e+05,1,1,0,1,1,1,0,0
"42","NardosNatural","Shark.Tank.S03E08",4,2,2,2,2,0,1,1,1,1,0,0,0,0,0,0,0,0,0,0,0,0,1,0,0,0,0,0,0,1,0,0,"FL",75000,0.12,625000,1,1,0,1,1,1,0,0
"43","TheOriginalProfender","Shark.Tank.S03E08",1,4,0,0,0,0,1,0,0,0,0,0,0,0,0,0,0,0,0,0,0,0,0,0,1,0,0,0,0,1,0,0,"PA",75000,0.15,5e+05,1,1,0,1,1,1,0,0
"44","Litter","Shark.Tank.S03E08",2,2,2,0,0,0,0,0,0,0,1,1,0,0,0,0,0,0,0,0,0,0,1,0,0,0,0,0,0,0,1,0,"CA",80000,0.51,156863,1,1,0,1,1,1,0,0
"45","TowerPaddleBoards","Shark.Tank.S03E09",1,2,0,0,0,0,1,0,0,0,0,0,0,0,0,0,0,0,0,0,0,0,0,0,1,0,0,0,0,1,0,0,"CA",150000,0.1,1500000,1,1,0,1,1,1,0,0
"46","InstantThighLift","Shark.Tank.S03E09",2,2,2,0,0,0,1,0,0,0,0,1,0,0,0,0,0,0,0,0,0,0,1,0,0,0,0,0,0,0,0,1,"FL",1e+05,0.25,4e+05,1,1,0,1,1,1,0,0
"47","GoGoGear","Shark.Tank.S03E10",2,2,1,0,0,0,0,0,0,0,1,1,0,0,0,0,0,0,0,0,0,0,1,0,0,0,0,0,0,0,1,0,"CA",3e+05,0.15,2e+06,1,1,0,1,1,1,0,0
"48","TheAveVenice","Shark.Tank.S03E10",1,0,0,0,0,0,1,0,0,0,0,0,0,0,0,0,0,0,0,0,0,0,1,0,0,0,0,0,0,1,0,0,"CA",125000,0.15,833333,1,1,0,1,1,1,0,0
"49","TheSullivanGenerator","Shark.Tank.S03E11",1,2,0,0,0,0,1,0,0,0,0,0,0,0,1,0,0,0,0,0,0,0,0,0,0,0,0,0,0,1,0,0,"TX",1e+06,0.1,1e+07,1,1,0,1,1,1,0,0
"50","ViewSport","Shark.Tank.S03E11",1,2,0,0,0,0,1,0,0,0,0,0,0,0,0,0,0,0,0,0,0,0,0,0,1,0,0,0,0,1,0,0,"NY",5e+05,0.2,2500000,1,1,0,1,1,1,0,0
"51","DebbieBrooksHandbags","Shark.Tank.S03E12",2,2,2,0,0,0,1,0,0,0,0,1,0,0,0,0,0,0,0,0,0,0,1,0,0,0,0,0,0,0,0,1,"NY",540000,0.2,2700000,0,1,1,1,1,1,0,0
"52","NailPak","Shark.Tank.S03E12",1,2,0,0,0,0,0,0,0,0,1,0,0,0,0,0,0,0,0,0,0,0,1,0,0,0,0,0,0,0,1,0,"CT",50000,0.2,250000,0,1,1,1,1,1,0,0
"53","VillyCustoms","Shark.Tank.S03E13",1,2,0,0,0,0,1,0,0,0,0,0,0,0,0,0,0,0,0,0,0,0,0,0,1,0,0,0,0,1,0,0,"TX",5e+05,0.33,1515152,1,1,0,1,1,1,0,0
"54","AirBedz","Shark.Tank.S03E13",1,2,0,0,0,0,1,0,0,0,0,0,0,0,0,0,0,0,1,0,0,0,0,0,0,0,0,0,0,1,0,0,"CA",250000,0.15,1666667,1,1,0,1,1,1,0,0
"55","CoatChex","Shark.Tank.S04E01",1,2,0,0,0,0,1,0,0,0,0,0,0,0,0,0,0,1,0,0,0,0,0,0,0,0,0,0,0,1,0,0,"NY",2e+05,0.1,2e+06,1,1,0,1,1,1,0,0
"56","BevBuckle","Shark.Tank.S04E01",1,2,0,0,0,0,1,0,0,0,0,0,0,0,1,0,0,0,0,0,0,0,0,0,0,0,0,0,0,1,0,0,"CO",50000,0.1,5e+05,1,1,0,1,1,1,0,0
"57","FuzziBunz","Shark.Tank.S04E03",1,2,0,0,0,0,0,0,0,0,1,0,0,0,0,0,0,0,0,0,1,0,0,0,0,0,0,0,0,0,1,0,"LA",5e+05,0.15,3333333,1,1,0,1,1,1,0,0
"58","PostureNow","Shark.Tank.S04E03",3,2,2,2,0,0,1,1,0,0,0,0,1,0,0,1,0,0,0,0,0,0,0,0,0,0,0,0,0,1,0,0,"OR",1e+05,0.15,666667,1,1,0,1,1,1,0,0
"59","BagBowl","Shark.Tank.S04E04",2,2,2,0,0,0,1,1,0,0,0,0,0,0,0,0,0,0,1,0,0,0,0,0,0,0,0,0,0,1,0,0,"MO",40000,0.33,121212,0,1,1,1,1,1,0,0
"60","Zomm","Shark.Tank.S04E04",1,2,0,0,0,0,1,0,0,0,0,0,0,0,0,0,0,0,0,1,0,0,0,0,0,0,0,0,0,1,0,0,"OK",2e+06,0.1,2e+07,0,1,1,1,1,1,0,0
"61","LiftHamper","Shark.Tank.S04E04",1,1,0,0,0,0,1,0,0,0,0,0,0,0,0,0,0,0,1,0,0,0,0,0,0,0,0,0,0,1,0,0,"UT",85000,0.12,708333,0,1,1,1,1,1,0,0
"62","MarzSprays","Shark.Tank.S04E05",2,2,2,0,0,0,1,1,0,0,0,0,0,0,0,0,0,0,1,0,0,0,0,0,0,0,0,0,0,1,0,0,"CA",2e+05,0.1,2e+06,1,1,0,1,1,1,0,0
"63","CozyBugs","Shark.Tank.S04E05",1,2,0,0,0,0,0,0,0,0,1,0,0,0,0,0,0,0,0,0,1,0,0,0,0,0,0,0,0,0,1,0,"CA",50000,0.25,2e+05,1,1,0,1,1,1,0,0
"64","WiredWaffles","Shark.Tank.S04E05",1,2,0,0,0,0,1,0,0,0,0,0,0,0,0,0,1,0,0,0,0,0,0,0,0,0,0,0,0,1,0,0,"WA",75000,0.25,3e+05,1,1,0,1,1,1,0,0
"65","CousinsMaineLobster","Shark.Tank.S04E06",2,2,2,0,0,0,1,1,0,0,0,0,0,0,0,0,1,0,0,0,0,0,0,0,0,0,0,0,0,1,0,0,"CA",55000,0.05,1100000,1,1,0,1,1,1,0,0
"66","ScrubDaddy","Shark.Tank.S04E07",1,2,0,0,0,0,1,0,0,0,0,0,0,0,0,0,0,0,1,0,0,0,0,0,0,0,0,0,0,1,0,0,"PA",1e+05,0.1,1e+06,0,1,1,1,1,1,0,0
"67","PlateTopper","Shark.Tank.S04E08",1,2,0,0,0,0,1,0,0,0,0,0,0,0,0,0,0,0,1,0,0,0,0,0,0,0,0,0,0,1,0,0,"CA",90000,0.05,1800000,0,1,1,1,1,1,0,0
"68","NearlyNewlywed","Shark.Tank.S04E10",2,2,2,0,0,0,0,0,0,0,1,1,0,0,0,0,0,0,0,0,0,0,1,0,0,0,0,0,0,0,1,0,"NY",35000,0.1,350000,1,1,0,1,1,1,0,0
"69","FatAssFudge","Shark.Tank.S04E11",1,2,0,0,0,0,0,0,0,0,1,0,0,0,0,0,1,0,0,0,0,0,0,0,0,0,0,0,0,0,1,0,"NY",250000,0.05,5e+06,1,1,0,1,1,1,0,0
"70","TheCoop","Shark.Tank.S04E11",2,2,2,0,0,0,0,0,0,0,1,1,0,0,0,0,0,0,0,0,0,0,0,1,0,0,0,0,0,0,1,0,"CA",150000,0.15,1e+06,1,1,0,1,1,1,0,0
"71","TheLivingChristmasTreeCompany","Shark.Tank.S04E11",1,2,0,0,0,0,1,0,0,0,0,0,0,0,0,0,0,0,1,0,0,0,0,0,0,0,0,0,0,1,0,0,"CA",150000,0.3,5e+05,1,1,0,1,1,1,0,0
"72","TheGameFaceCompany","Shark.Tank.S04E12",3,2,2,2,0,0,0,1,0,0,1,0,1,0,1,0,0,0,0,0,0,0,0,0,0,0,0,0,0,1,0,0,"TX",450000,0.25,1800000,0,1,1,1,1,1,0,0
"73","SubZeroIceCream","Shark.Tank.S04E13",2,2,2,0,0,0,1,0,0,0,0,1,0,0,0,0,1,0,0,0,0,0,0,0,0,0,0,0,0,0,0,1,"UT",3e+05,0.12,2500000,0,1,1,1,1,1,0,0
"74","Urbio","Shark.Tank.S04E13",2,2,2,0,0,0,1,1,0,0,0,0,0,0,0,0,0,0,1,0,0,0,0,0,0,0,0,0,0,1,0,0,"CA",3e+05,0.12,2500000,0,1,1,1,1,1,0,0
"75","GottaHaveSMore","Shark.Tank.S04E16",1,2,0,0,0,0,0,0,0,0,1,0,0,0,0,0,1,0,0,0,0,0,0,0,0,0,0,0,0,0,1,0,"CA",75000,0.25,3e+05,1,1,0,1,1,1,0,0
"76","JeskaShoeCompany","Shark.Tank.S04E18",1,2,0,0,0,0,0,0,0,0,1,0,0,0,0,0,0,0,0,0,0,0,1,0,0,0,0,0,0,0,1,0,"AR",70000,0.3,233333,1,1,0,1,1,1,0,0
"77","NutsnMore","Shark.Tank.S04E18",3,2,2,2,0,0,1,1,1,0,0,0,0,0,0,0,1,0,0,0,0,0,0,0,0,0,0,0,0,1,0,0,"RI",250000,0.2,1250000,1,1,0,1,1,1,0,0
"78","Lose12inchesin12Workouts","Shark.Tank.S04E19",1,2,0,0,0,0,1,0,0,0,0,0,0,0,0,0,0,0,0,0,0,0,0,0,1,0,0,0,0,1,0,0,"CO",120000,0.25,480000,0,1,1,1,1,1,0,0
"79","BabyLovesDisco","Shark.Tank.S04E19",3,2,2,2,0,0,0,1,0,0,1,0,1,0,0,0,0,0,0,0,0,0,0,1,0,0,0,0,0,0,0,1,"OR",150000,0.1,1500000,0,1,1,1,1,1,0,0
"80","Cellhelmet","Shark.Tank.S04E19",2,2,2,0,0,0,1,1,0,0,0,0,0,0,0,0,0,0,0,1,0,0,0,0,0,0,0,0,0,1,0,0,"PA",160000,0.2,8e+05,0,1,1,1,1,1,0,0
"81","DropStop","Shark.Tank.S04E20",2,2,2,0,0,0,1,1,0,0,0,0,0,0,0,0,0,0,0,0,0,1,0,0,0,0,0,0,0,1,0,0,"CA",3e+05,0.15,2e+06,0,1,1,1,1,1,0,0
"82","EchoValleyMeats","Shark.Tank.S04E21",1,2,0,0,0,0,1,0,0,0,0,0,0,0,0,0,1,0,0,0,0,0,0,0,0,0,0,0,0,1,0,0,"IL",150000,0.2,750000,0,1,1,1,1,1,0,0
"83","GeekChic","Shark.Tank.S04E25",1,2,0,0,0,0,1,0,0,0,0,0,0,0,0,0,0,0,1,0,0,0,0,0,0,0,0,0,0,1,0,0,"WA",1e+05,0.05,2e+06,0,1,1,1,1,1,0,0
"84","JonesScones","Shark.Tank.S04E25",1,1,0,0,0,0,1,0,0,0,0,0,0,0,0,0,1,0,0,0,0,0,0,0,0,0,0,0,0,1,0,0,"CO",1e+05,0.25,4e+05,0,1,1,1,1,1,0,0
"85","TomChee","Shark.Tank.S04E26",2,2,2,0,0,0,1,1,0,0,0,0,0,0,0,0,1,0,0,0,0,0,0,0,0,0,0,0,0,1,0,0,"OH",6e+05,0.1,6e+06,1,1,0,1,1,1,0,0
"86","PostcardontheRun","Shark.Tank.S05E01",1,4,0,0,0,0,1,0,0,0,0,0,0,0,0,0,0,1,0,0,0,0,0,0,0,0,0,0,0,1,0,0,"CA",3e+05,0.05,6e+06,1,1,1,1,0,1,0,0
"87","LynnaesSweetPickles","Shark.Tank.S05E01",2,2,2,0,0,0,0,0,0,0,1,1,0,0,0,0,1,0,0,0,0,0,0,0,0,0,0,0,0,0,1,0,"WA",125000,0.2,625000,1,1,1,1,0,1,0,0
"88","SweetBallz","Shark.Tank.S05E01",2,2,4,0,0,0,1,1,0,0,0,0,0,0,0,0,1,0,0,0,0,0,0,0,0,0,0,0,0,1,0,0,"TX",250000,0.1,2500000,1,1,1,1,0,1,0,0
"89","KaneCouture","Shark.Tank.S05E02",1,1,0,0,0,0,0,0,0,0,1,0,0,0,0,0,0,0,0,0,0,0,0,0,0,1,0,0,0,0,1,0,"NY",150000,0.33,454545,0,1,1,1,1,1,0,0
"90","ManMedals","Shark.Tank.S05E02",2,4,4,0,0,0,1,1,0,0,0,0,0,0,1,0,0,0,0,0,0,0,0,0,0,0,0,0,0,1,0,0,"MI",10000,0.1,1e+05,0,1,1,1,1,1,0,0
"91","Hamboards","Shark.Tank.S05E04",3,2,2,4,0,0,1,1,1,0,0,0,0,0,0,0,0,0,0,0,0,0,0,0,1,0,0,0,0,1,0,0,"CA",1e+05,0.15,666667,0,1,1,1,1,1,0,0
"92","SundayNightSlowJams","Shark.Tank.S05E04",1,2,0,0,0,0,1,0,0,0,0,0,0,0,0,0,0,0,0,0,0,0,0,1,0,0,0,0,0,1,0,0,"CA",75000,0.1,750000,0,1,1,1,1,1,0,0
"93","BareEase","Shark.Tank.S05E05",1,3,0,0,0,0,0,0,0,0,1,0,0,0,0,0,0,0,0,0,0,0,1,0,0,0,0,0,0,0,1,0,"CA",50000,0.2,250000,1,1,1,1,0,1,0,0
"94","TenThirtyOneProductions","Shark.Tank.S05E06",1,4,0,0,0,0,0,0,0,0,1,0,0,0,0,0,0,0,0,0,0,0,0,1,0,0,0,0,0,0,1,0,"CA",2e+06,0.1,2e+07,0,1,1,1,1,1,0,0
"95","TotalMerchantResources","Shark.Tank.S05E06",2,4,4,0,0,0,1,1,0,0,0,0,0,0,0,0,0,1,0,0,0,0,0,0,0,0,0,0,0,0,0,1,"NJ",2e+05,0.2,1e+06,0,1,1,1,1,1,0,0
"96","KymeraBodyBoard","Shark.Tank.S05E07",1,2,0,0,0,0,1,0,0,0,0,0,0,0,0,0,0,0,0,0,0,0,0,0,1,0,0,0,0,1,0,0,"CA",250000,0.2,1250000,0,1,1,0,1,1,0,1
"97","Bellybuds","Shark.Tank.S05E08",2,2,2,0,0,0,1,1,0,0,0,0,0,0,0,0,0,0,0,0,1,0,0,0,0,0,0,0,0,1,0,0,"CA",5e+05,0.13,4e+06,1,1,1,1,0,1,0,0
"98","SchulziesBreadPudding","Shark.Tank.S05E08",1,2,0,0,0,0,0,0,0,0,1,0,0,0,0,0,1,0,0,0,0,0,0,0,0,0,0,0,0,0,1,0,"CA",160000,0.2,8e+05,1,1,1,1,0,1,0,0
"99","SurpriseRide","Shark.Tank.S05E09",2,2,2,0,0,0,0,0,0,0,1,1,0,0,0,0,0,0,0,0,0,0,0,1,0,0,0,0,0,0,1,0,"DC",110000,0.1,1100000,0,1,1,1,1,1,0,0
"100","Chocomize","Shark.Tank.S05E10",1,2,0,0,0,0,1,0,0,0,0,0,0,0,0,0,1,0,0,0,0,0,0,0,0,0,0,0,0,1,0,0,"NY",5e+05,0.2,2500000,1,1,1,1,0,1,0,0
"101","SpiritHoods","Shark.Tank.S05E11",2,2,2,0,0,0,1,1,0,0,0,0,0,0,0,0,0,0,0,0,0,0,1,0,0,0,0,0,0,0,0,1,"CA",450000,0.15,3e+06,1,1,0,1,1,1,0,0
"102","TheHanukkahTreeTopper","Shark.Tank.S05E12",1,4,0,0,0,0,1,0,0,0,0,0,0,0,0,0,0,0,1,0,0,0,0,0,0,0,0,0,0,1,0,0,"CA",50000,0.15,333333,0,1,1,1,1,1,0,0
"103","Groovebook","Shark.Tank.S05E13",2,2,2,0,0,0,1,0,0,0,0,1,0,0,0,0,0,1,0,0,0,0,0,0,0,0,0,0,0,0,0,1,"CA",150000,0.2,750000,0,1,1,1,1,1,0,0
"104","FreshlyPicked","Shark.Tank.S05E15",1,2,0,0,0,0,0,0,0,0,1,0,0,0,0,0,0,0,0,0,1,0,0,0,0,0,0,0,0,0,1,0,"UT",150000,0.1,1500000,0,1,1,1,1,1,0,0
"105","LifeCaps","Shark.Tank.S05E15",1,2,0,0,0,0,1,0,0,0,0,0,0,0,0,0,0,0,1,0,0,0,0,0,0,0,0,0,0,1,0,0,"UT",2e+05,0.3,666667,0,1,1,1,1,1,0,0
"106","CowWow","Shark.Tank.S05E16",2,2,4,0,0,0,1,0,0,0,0,1,0,0,0,0,0,0,0,0,1,0,0,0,0,0,0,0,0,1,0,0,"CA",250000,0.1,2500000,0,1,1,0,1,1,0,1
"107","Nexersys","Shark.Tank.S05E16",2,2,2,0,0,0,1,0,0,0,0,1,0,0,0,0,0,0,0,0,0,0,0,0,1,0,0,0,0,1,0,0,"TX",2e+06,0.1,2e+07,0,1,1,0,1,1,0,1
"108","TheCookieDoughCafe","Shark.Tank.S05E16",2,2,2,0,0,0,0,0,0,0,1,1,0,0,0,0,1,0,0,0,0,0,0,0,0,0,0,0,0,0,1,0,"IL",50000,0.2,250000,0,1,1,0,1,1,0,1
"109","Bambooee","Shark.Tank.S05E18",2,4,4,0,0,0,1,0,0,0,0,1,0,0,0,0,0,0,1,0,0,0,0,0,0,0,0,0,0,0,0,1,"CA",2e+05,0.1,2e+06,1,1,1,1,0,1,0,0
"110","SqueekyKnees","Shark.Tank.S05E19",2,2,4,0,0,0,1,0,0,0,0,1,0,0,0,0,0,0,0,0,1,0,0,0,0,0,0,0,0,0,0,1,"CA",80000,0.2,4e+05,0,1,1,1,1,1,0,0
"111","Revolights","Shark.Tank.S05E19",1,4,0,0,0,0,1,0,0,0,0,0,0,0,0,0,0,0,0,0,0,0,0,0,1,0,0,0,0,1,0,0,"CA",150000,0.1,1500000,0,1,1,1,1,1,0,0
"112","BooBooGoo","Shark.Tank.S05E20",2,2,2,0,0,0,0,1,0,0,1,0,0,0,0,0,0,0,0,0,1,0,0,0,0,0,0,0,0,0,0,1,"CA",1e+05,0.18,571429,1,1,1,1,0,1,0,0
"113","KodiakCakes","Shark.Tank.S05E22",2,2,4,0,0,0,1,1,0,0,0,0,0,0,0,0,1,0,0,0,0,0,0,0,0,0,0,0,0,0,0,1,"UT",5e+05,0.1,5e+06,1,1,1,1,0,1,0,0
"114","ThePaintBrushCover","Shark.Tank.S05E22",3,4,4,4,0,0,1,1,1,0,0,0,0,0,0,0,0,0,1,0,0,0,0,0,0,0,0,0,0,1,0,0,"NJ",50000,0.1,5e+05,1,1,1,1,0,1,0,0
"115","VelocitySigns","Shark.Tank.S05E23",2,2,2,0,0,0,1,1,0,0,0,0,0,0,1,0,0,0,0,0,0,0,0,0,0,0,0,0,0,1,0,0,"CA",225000,0.15,1500000,1,1,1,1,0,1,0,0
"116","FuntimeExpress","Shark.Tank.S05E24",2,2,4,0,0,0,1,1,0,0,0,0,0,0,0,0,0,0,0,0,0,0,0,1,0,0,0,0,0,1,0,0,"IL",125000,0.2,625000,0,1,1,1,1,1,0,0
"117","PowerPot","Shark.Tank.S05E24",2,2,4,0,0,0,1,1,0,0,0,0,0,0,0,0,0,0,0,0,0,0,0,0,1,0,0,0,0,1,0,0,"UT",250000,0.1,2500000,0,1,1,1,1,1,0,0
"118","ZooBean","Shark.Tank.S05E25",2,1,2,0,0,0,1,0,0,0,0,1,0,0,0,0,0,0,0,0,0,0,0,1,0,0,0,0,0,0,0,1,"DC",250000,0.15,1666667,1,1,1,1,0,1,0,0
"119","Bombas","Shark.Tank.S06E01",2,2,2,0,0,0,1,1,0,0,0,0,0,0,0,0,0,0,0,0,0,0,1,0,0,0,0,0,0,1,0,0,"NY",2e+05,0.05,4e+06,0,1,1,1,1,1,0,0
"120","WeddingWagon","Shark.Tank.S06E02",2,2,2,0,0,0,1,1,0,0,0,0,0,0,0,0,0,0,0,0,0,0,1,0,0,0,0,0,0,1,0,0,"NV",125000,0.2,625000,1,1,1,1,0,1,0,0
"121","Roominate","Shark.Tank.S06E02",2,2,3,0,0,0,0,0,0,0,1,1,0,0,0,0,0,0,0,0,0,0,0,1,0,0,0,0,0,0,1,0,"CA",5e+05,0.05,1e+07,1,1,1,1,0,1,0,0
"122","TheRedDressBoutique","Shark.Tank.S06E05",2,2,2,0,0,0,1,0,0,0,0,1,0,0,0,0,0,0,0,0,0,0,1,0,0,0,0,0,0,0,0,1,"GA",6e+05,0.05,1.2e+07,0,1,1,1,1,1,0,0
"123","Honeyfund","Shark.Tank.S06E06",2,2,2,0,0,0,1,0,0,0,0,1,0,0,0,0,0,0,0,0,0,0,1,0,0,0,0,0,0,0,0,1,"CA",4e+05,0.1,4e+06,1,1,1,1,0,1,0,0
"124","Singtrix","Shark.Tank.S06E07",2,2,2,0,0,0,1,1,0,0,0,0,0,0,0,0,0,0,0,1,0,0,0,0,0,0,0,0,0,1,0,0,"NY",1500000,0.05,3e+07,0,1,1,1,1,1,0,0
"125","PriorityOneCanine","Shark.Tank.S06E08",1,2,0,0,0,0,0,0,0,0,1,0,0,0,0,0,0,1,0,0,0,0,0,0,0,0,0,0,0,0,0,1,"OH",75000,0.15,5e+05,0,1,1,1,1,1,0,0
"126","TheNaturalGrip","Shark.Tank.S06E08",1,2,0,0,0,0,0,0,0,0,1,0,0,0,0,0,0,0,0,0,0,0,0,0,1,0,0,0,0,0,1,0,"KY",1e+05,0.2,5e+05,0,1,1,1,1,1,0,0
"127","EarthLog","Shark.Tank.S06E10",1,2,0,0,0,0,1,0,0,0,0,0,0,0,0,0,0,0,1,0,0,0,0,0,0,0,0,0,0,1,0,0,"CA",160000,0.2,8e+05,0,1,1,0,1,1,0,1
"128","KitchenSafe","Shark.Tank.S06E10",2,2,3,0,0,0,1,1,0,0,0,0,0,0,0,0,0,0,1,0,0,0,0,0,0,0,0,0,0,1,0,0,"CA",1e+05,0.05,2e+06,0,1,1,0,1,1,0,1
"129","MagicCook","Shark.Tank.S06E10",1,3,0,0,0,0,0,0,0,0,1,0,0,0,0,0,0,0,0,0,0,0,0,0,1,0,0,0,0,0,1,0,"CA",1e+05,0.33,303030,0,1,1,0,1,1,0,1
"130","SWAGEssentials","Shark.Tank.S06E11",1,1,0,0,0,0,0,0,0,0,1,0,0,0,0,0,0,0,0,0,0,0,1,0,0,0,0,0,0,0,1,0,"TX",125000,0.2,625000,0,1,1,1,1,1,0,0
"131","HoppyPaws","Shark.Tank.S06E12",1,2,0,0,0,0,0,0,0,0,1,0,0,0,0,0,0,0,1,0,0,0,0,0,0,0,0,0,0,0,1,0,"CA",50000,0.1,5e+05,1,1,1,1,0,1,0,0
"132","SkinnyShirt","Shark.Tank.S06E13",1,2,0,0,0,0,0,0,0,0,1,0,0,0,0,0,0,0,0,0,0,0,1,0,0,0,0,0,0,0,1,0,"NY",1e+05,0.2,5e+05,1,1,1,1,0,1,0,0
"133","Doorman","Shark.Tank.S06E13",1,2,0,0,0,0,1,0,0,0,0,0,0,0,0,0,0,1,0,0,0,0,0,0,0,0,0,0,0,1,0,0,"CA",25000,0.1,250000,1,1,1,1,0,1,0,0
"134","BottleBright","Shark.Tank.S06E14",2,4,4,0,0,0,1,1,0,0,0,0,0,0,0,0,0,0,1,0,0,0,0,0,0,0,0,0,0,1,0,0,"VA",75000,0.15,5e+05,1,1,1,1,0,1,0,0
"135","Lumio","Shark.Tank.S06E15",1,3,0,0,0,0,1,0,0,0,0,0,0,0,0,0,0,0,1,0,0,0,0,0,0,0,0,0,0,1,0,0,"CA",250000,0.08,3125000,0,1,1,1,1,1,0,0
"136","BelloVerde","Shark.Tank.S06E15",1,2,0,0,0,0,1,0,0,0,0,0,0,0,0,0,0,0,0,0,0,0,1,0,0,0,0,0,0,1,0,0,"OH",360000,0.06,6e+06,0,1,1,1,1,1,0,0
"137","TycoonRealEstate","Shark.Tank.S06E16",1,2,0,0,0,0,1,0,0,0,0,0,0,0,0,0,0,1,0,0,0,0,0,0,0,0,0,0,0,0,0,1,"CA",50000,0.05,1e+06,1,1,1,1,0,1,0,0
"138","BalmChickyBalmBalm","Shark.Tank.S06E17",2,2,2,0,0,0,0,0,0,0,1,1,0,0,0,0,0,0,0,0,0,0,1,0,0,0,0,0,0,0,1,0,"OR",75000,0.2,375000,1,1,1,1,0,1,0,0
"139","TheLipBar","Shark.Tank.S06E18",2,1,1,0,0,0,0,0,0,0,1,1,0,0,0,0,0,0,0,0,0,0,1,0,0,0,0,0,0,0,1,0,"NY",125000,0.2,625000,0,1,1,1,1,1,0,0
"140","HimalayanDogChew","Shark.Tank.S06E18",3,4,4,4,0,0,1,1,1,0,0,0,0,0,0,0,0,0,0,0,0,0,0,0,0,1,0,0,0,1,0,0,"WA",750000,0.05,1.5e+07,0,1,1,1,1,1,0,0
"141","SsekoDesigns","Shark.Tank.S06E19",2,2,2,0,0,0,1,0,0,0,0,1,0,0,0,0,0,0,0,0,0,0,1,0,0,0,0,0,0,0,0,1,"OR",3e+05,0.1,3e+06,1,1,1,1,0,1,0,0
"142","GoldRushNuggetBucket","Shark.Tank.S06E19",1,2,0,0,0,0,1,0,0,0,0,0,0,0,1,0,0,0,0,0,0,0,0,0,0,0,0,0,0,1,0,0,"OR",60000,0.15,4e+05,1,1,1,1,0,1,0,0
"143","Scholly","Shark.Tank.S06E20",1,1,0,0,0,0,1,0,0,0,0,0,0,0,0,0,0,1,0,0,0,0,0,0,0,0,0,0,0,1,0,0,"PA",40000,0.15,266667,0,1,1,1,1,1,0,0
"144","EmazingLights","Shark.Tank.S06E22",1,3,0,0,0,0,1,0,0,0,0,0,0,0,0,0,0,0,1,0,0,0,0,0,0,0,0,0,0,1,0,0,"CA",650000,0.05,1.3e+07,0,1,1,1,1,1,0,0
"145","iCPooch","Shark.Tank.S06E23",2,2,2,0,0,0,1,0,0,0,0,1,0,0,0,0,0,0,0,0,0,0,0,0,0,1,0,0,0,0,0,1,"WA",150000,0.2,750000,0,1,1,1,1,1,0,0
"146","BeeThinking","Shark.Tank.S06E24",1,2,0,0,0,0,1,0,0,0,0,0,0,0,0,0,0,1,0,0,0,0,0,0,0,0,0,0,0,0,1,0,"OR",4e+05,0.1,4e+06,0,1,1,1,1,1,0,0
"147","PullyPalz","Shark.Tank.S06E24",1,2,0,0,0,0,0,0,0,0,1,0,0,0,0,0,0,0,0,0,1,0,0,0,0,0,0,0,0,0,1,0,"GA",1e+05,0.2,5e+05,0,1,1,1,1,1,0,0
"148","Budsies","Shark.Tank.S06E24",1,2,0,0,0,0,1,0,0,0,0,0,0,0,0,0,0,0,0,0,0,0,0,1,0,0,0,0,0,1,0,0,"FL",1e+05,0.05,2e+06,0,1,1,1,1,1,0,0
"149","MelniConnectors","Shark.Tank.S06E25",3,2,2,2,0,0,1,1,1,0,0,0,0,0,0,0,0,0,0,1,0,0,0,0,0,0,0,0,0,1,0,0,"ID",5e+05,0.05,1e+07,1,1,1,1,0,1,0,0
"150","NoeneUSA","Shark.Tank.S06E26",1,1,0,0,0,0,1,0,0,0,0,0,0,0,0,0,0,0,0,0,0,0,0,0,1,0,0,0,0,1,0,0,"GA",1e+05,0.1,1e+06,0,1,1,1,1,1,0,0
"151","ZoomInteriors","Shark.Tank.S06E28",3,2,2,2,0,0,0,0,0,0,1,1,1,0,0,0,0,1,0,0,0,0,0,0,0,0,0,0,0,0,1,0,"PA",1e+05,0.2,5e+05,1,1,1,1,0,1,0,0
"152","Spikeball","Shark.Tank.S06E29",1,2,0,0,0,0,1,0,0,0,0,0,0,0,0,0,0,0,0,0,0,0,0,1,0,0,0,0,0,1,0,0,"IL",5e+05,0.1,5e+06,0,1,1,0,1,1,0,1
"153","SwayMotorsports","Shark.Tank.S06E29",1,2,0,0,0,0,1,0,0,0,0,0,0,0,0,0,0,0,0,0,0,1,0,0,0,0,0,0,0,1,0,0,"CA",3e+05,0.1,3e+06,0,1,1,0,1,1,0,1
"154","TheTwoGuysBowtieCompany","Shark.Tank.S07E03",2,2,2,0,0,0,1,1,0,0,0,0,0,0,0,0,0,0,0,0,0,0,1,0,0,0,0,0,0,1,0,0,NA,150000,0.1,1500000,0,1,1,0,1,1,0,1
"155","DudeWipes","Shark.Tank.S07E04",3,2,2,4,0,0,1,1,1,0,0,0,0,0,0,0,0,0,1,0,0,0,0,0,0,0,0,0,0,1,0,0,NA,3e+05,0.1,3e+06,1,1,1,1,0,1,0,0
"156","EZPeeZ","Shark.Tank.S07E04",1,2,0,0,0,0,1,0,0,0,0,0,0,0,0,0,0,0,0,0,1,0,0,0,0,0,0,0,0,1,0,0,NA,50000,0.15,333333,1,1,1,1,0,1,0,0
"157","SwitchWitch","Shark.Tank.S07E05",2,2,2,0,0,0,1,0,0,0,0,1,0,0,0,0,0,0,0,0,1,0,0,0,0,0,0,0,0,0,0,1,NA,55000,0.25,220000,0,1,1,1,1,1,0,0
"158","ThreeJerksJerky","Shark.Tank.S07E05",2,4,4,0,0,0,1,1,0,0,0,0,0,0,0,0,1,0,0,0,0,0,0,0,0,0,0,0,0,1,0,0,NA,1e+05,0.15,666667,0,1,1,1,1,1,0,0
"159","RentLikeaChamp","Shark.Tank.S07E06",2,2,2,0,0,0,1,1,0,0,0,0,0,0,0,0,0,0,0,1,0,0,0,0,0,0,0,0,0,1,0,0,NA,2e+05,0.1,2e+06,0,1,1,1,0,1,0,1
"160","CleanCube","Shark.Tank.S07E07",2,2,4,0,0,0,1,1,0,0,0,0,0,0,0,0,0,0,1,0,0,0,0,0,0,0,0,0,0,1,0,0,NA,3e+05,0.1,3e+06,1,1,1,1,0,1,0,0
"161","AdvancedSportsTechnology","Shark.Tank.S07E09",1,4,0,0,0,0,1,0,0,0,0,0,0,0,0,0,0,0,0,0,0,0,0,0,1,0,0,0,0,1,0,0,NA,160000,0.1,1600000,0,1,1,1,1,1,0,0
"162","BraziBites","Shark.Tank.S07E09",2,2,4,0,0,0,1,0,0,0,0,1,0,0,0,0,1,0,0,0,0,0,0,0,0,0,0,0,0,0,0,1,NA,2e+05,0.1,2e+06,0,1,1,1,1,1,0,0
"163","GlowRecipe","Shark.Tank.S07E10",2,3,3,0,0,0,0,0,0,0,1,1,0,0,0,0,0,0,0,0,0,0,1,0,0,0,0,0,0,0,1,0,NA,425000,0.1,4250000,1,1,1,1,0,1,0,0
"164","BeardHead","Shark.Tank.S07E11",1,4,0,0,0,0,1,0,0,0,0,0,0,0,0,0,0,0,0,0,0,0,1,0,0,0,0,0,0,1,0,0,NA,250000,0.25,1e+06,1,1,1,1,0,1,0,0
"165","geekmytree","Shark.Tank.S07E11",1,2,0,0,0,0,1,0,0,0,0,0,0,0,0,0,0,0,1,0,0,0,0,0,0,0,0,0,0,1,0,0,NA,225000,0.25,9e+05,1,1,1,1,0,1,0,0
"166","ExtremeSandbox","Shark.Tank.S07E12",1,4,0,0,0,0,1,0,0,0,0,0,0,0,0,0,0,0,0,0,1,0,0,0,0,0,0,0,0,1,0,0,NA,150000,0.15,1e+06,0,1,1,1,1,1,0,0
"167","Fireavert","Shark.Tank.S07E12",1,2,0,0,0,0,1,0,0,0,0,0,0,0,0,0,0,0,1,0,0,0,0,0,0,0,0,0,0,1,0,0,NA,3e+05,0.07,4285714,0,1,1,1,1,1,0,0
"168","TotalTieKeep","Shark.Tank.S07E12",1,1,0,0,0,0,1,0,0,0,0,0,0,0,0,0,0,0,0,0,0,0,1,0,0,0,0,0,0,1,0,0,NA,50000,0.25,2e+05,0,1,1,1,1,1,0,0
"169","ControlledChaos","Shark.Tank.S07E13",2,4,4,0,0,0,0,0,0,0,1,1,0,0,0,0,0,0,0,0,0,0,1,0,0,0,0,0,0,0,1,0,NA,50000,0.2,250000,1,1,1,1,0,1,0,0
"170","HatchBaby","Shark.Tank.S07E14",2,2,4,0,0,0,0,1,0,0,1,0,0,0,0,0,0,0,0,0,1,0,0,0,0,0,0,0,0,0,0,1,NA,250000,0.025,1e+07,0,1,1,1,0,1,0,1
"171","MajorMom","Shark.Tank.S07E16",1,2,0,0,0,0,0,0,0,0,1,0,0,0,0,0,0,0,1,0,0,0,0,0,0,0,0,0,0,0,1,0,NA,150000,0.2,750000,0,1,1,1,1,1,0,0
"172","SmartPlate","Shark.Tank.S07E17",1,4,0,0,0,0,1,0,0,0,0,0,0,0,0,1,0,0,0,0,0,0,0,0,0,0,0,0,0,1,0,0,NA,1e+06,0.15,6666667,1,1,0,0,1,1,0,1
"173","Nohbo","Shark.Tank.S07E18",2,2,2,0,0,0,1,0,0,0,0,1,0,0,0,0,0,0,0,0,0,0,0,0,0,0,0,1,0,1,0,0,NA,1e+05,0.2,5e+05,1,1,1,1,0,1,0,0
"174","tutublue","Shark.Tank.S07E18",1,2,0,0,0,0,0,0,0,0,1,0,0,0,0,0,0,0,0,0,0,0,1,0,0,0,0,0,0,0,1,0,NA,2e+05,0.25,8e+05,1,1,1,1,0,1,0,0
"175","RagstoRaches","Shark.Tank.S07E19",1,2,0,0,0,0,0,0,0,0,1,0,0,0,0,0,0,0,0,0,0,0,1,0,0,0,0,0,0,0,1,0,NA,2e+05,0.1,2e+06,0,1,1,1,1,1,0,0
"176","PRx","Shark.Tank.S07E19",2,2,2,0,0,0,1,1,0,0,0,0,0,0,0,0,0,0,0,0,0,0,0,0,1,0,0,0,0,1,0,0,NA,80000,0.1,8e+05,0,1,1,1,1,1,0,0
"177","Wondercide","Shark.Tank.S07E22",2,2,2,0,0,0,0,0,0,0,1,1,0,0,0,0,0,0,0,0,0,0,0,0,0,1,0,0,0,0,1,0,NA,5e+05,0.05,1e+07,0,1,1,1,1,1,0,0
"178","PrideBites","Shark.Tank.S07E23",2,4,4,0,0,0,1,1,0,0,0,0,0,0,0,0,0,0,0,0,0,0,0,0,0,1,0,0,0,1,0,0,NA,2e+05,0.1,2e+06,0,1,1,1,1,1,0,0
"179","Popslate","Shark.Tank.S07E24",1,2,0,0,0,0,1,0,0,0,0,0,0,0,0,0,0,0,0,1,0,0,0,0,0,0,0,0,0,1,0,0,NA,5e+05,0.05,1e+07,0,1,1,1,0,1,0,1
"180","brellabox","Shark.Tank.S07E26",2,2,4,0,0,0,1,0,0,0,0,1,0,0,0,0,0,0,0,0,0,0,0,0,0,0,0,0,1,0,0,1,"NY",4e+05,0.2,2e+06,1,1,0,0,1,1,0,1
"181","EVPExtremeVehicleProtection","Shark.Tank.S07E28",2,2,2,0,0,0,1,1,0,0,0,0,0,0,0,0,0,0,0,0,0,1,0,0,0,0,0,0,0,1,0,0,"NY",50000,0.2,250000,0,1,1,1,1,1,0,0
"182","GladiatorLacrosse","Shark.Tank.S07E28",1,4,0,0,0,0,0,0,0,0,1,0,0,0,0,0,0,0,0,0,0,0,0,0,1,0,0,0,0,0,1,0,NA,1e+05,0.15,666667,0,1,1,1,1,1,0,0
"183","Rethink","Shark.Tank.S08E01",1,4,0,0,0,0,0,0,0,0,1,0,0,0,0,0,0,0,0,1,0,0,0,0,0,0,0,0,0,0,1,0,"IL",1e+05,0.2,5e+05,1,1,1,1,1,1,0,0
"184","IceAgeMeals","Shark.Tank.S08E02",1,2,0,0,0,0,1,0,0,0,0,0,0,0,0,0,1,0,0,0,0,0,0,0,0,0,0,0,0,1,0,0,"CA",1e+06,0.1,1e+07,0,1,1,1,1,1,0,0
"185","RaisingWild","Shark.Tank.S08E03",2,2,4,0,0,0,0,0,0,0,1,1,0,0,0,0,0,0,0,0,0,0,1,0,0,0,0,0,0,0,1,0,"FL",1e+05,0.2,5e+05,1,1,1,1,0,1,0,0
"186","AngelsandTomboys","Shark.Tank.S08E04",3,1,1,1,0,0,0,0,0,0,1,1,1,0,0,0,0,0,0,0,0,0,1,0,0,0,0,0,0,0,1,0,"TN",55000,0.2,275000,0,1,1,1,1,1,0,0
"187","Solemates","Shark.Tank.S08E04",2,2,2,0,0,0,0,0,0,0,1,1,0,0,0,0,0,0,0,0,0,0,1,0,0,0,0,0,0,0,1,0,"NY",5e+05,0.1,5e+06,0,1,1,1,1,1,0,0
"188","SandiLakeClothing","Shark.Tank.S08E05",1,2,0,0,0,0,0,0,0,0,1,0,0,0,0,0,0,0,0,0,1,0,0,0,0,0,0,0,0,0,1,0,"OR",1e+05,0.1,1e+06,1,1,1,1,0,1,0,0
"189","Unpack","Shark.Tank.S08E06",2,2,2,0,0,0,1,1,0,0,0,0,0,0,0,0,0,0,0,0,0,0,0,0,0,0,1,0,0,1,0,0,"NY",5e+05,0.4,1250000,0,1,1,1,1,1,0,0
"190","EcoFlower","Shark.Tank.S08E07",1,2,0,0,0,0,0,0,0,0,1,0,0,0,0,0,0,0,1,0,0,0,0,0,0,0,0,0,0,0,1,0,"UT",4e+05,0.1,4e+06,1,1,1,1,1,1,0,0
"191","SafeCatch","Shark.Tank.S08E07",2,2,2,0,0,0,1,1,0,0,0,0,0,0,0,0,1,0,0,0,0,0,0,0,0,0,0,0,0,1,0,0,"CA",6e+05,0.03,2e+07,1,1,1,1,1,1,0,0
"192","LineCutterz","Shark.Tank.S08E09",1,2,0,0,0,0,1,0,0,0,0,0,0,0,0,0,0,0,0,0,0,0,0,0,1,0,0,0,0,1,0,0,"WI",120000,0.2,6e+05,0,1,1,1,1,1,0,0
"193","Digiwrap","Shark.Tank.S08E11",2,2,2,0,0,0,1,1,0,0,0,0,0,0,0,0,0,0,1,0,0,0,0,0,0,0,0,0,0,1,0,0,"IL",150000,0.1,1500000,1,1,1,1,0,1,0,0
"194","HandOutGloves","Shark.Tank.S08E11",2,2,2,0,0,0,1,1,0,0,0,0,0,0,0,0,0,0,0,0,0,0,0,0,1,0,0,0,0,1,0,0,"UT",150000,0.2,750000,1,1,1,1,0,1,0,0
"195","SealedbySanta","Shark.Tank.S08E11",1,2,0,0,0,0,0,0,0,0,1,0,0,0,0,0,0,0,0,0,1,0,0,0,0,0,0,0,0,0,1,0,"FL",150000,0.2,750000,1,1,1,1,0,1,0,0
"196","Getaway","Shark.Tank.S08E14",2,2,2,0,0,0,1,1,0,0,0,0,0,0,0,0,0,0,0,0,0,0,0,0,1,0,0,0,0,1,0,0,"MA",5e+05,0.05,1e+07,1,1,1,0,0,1,0,1
"197","Vibes","Shark.Tank.S08E14",1,2,0,0,0,0,1,0,0,0,0,0,0,0,0,0,0,0,0,0,0,0,0,1,0,0,0,0,0,1,0,0,"MN",1e+05,0.2,5e+05,1,1,1,0,0,1,0,1
"198","Chirps","Shark.Tank.S08E14",2,3,2,0,0,0,0,0,0,0,1,1,0,0,0,0,1,0,0,0,0,0,0,0,0,0,0,0,0,0,1,0,"CA",99999.97,0.07,1428571,1,1,1,0,0,1,0,1
"199","LittleNomad","Shark.Tank.S08E15",1,2,0,0,0,0,0,0,0,0,1,0,0,0,0,0,0,0,1,0,0,0,0,0,0,0,0,0,0,0,1,0,"CT",79999.95,0.15,533333,0,1,1,1,1,1,0,0
"200","Kooler","Shark.Tank.S08E15",1,4,0,0,0,0,1,0,0,0,0,0,0,0,0,0,0,0,0,0,0,0,0,0,1,0,0,0,0,1,0,0,"NV",49999.95,0.15,333333,0,1,1,1,1,1,0,0
"201","PeacefulFruits","Shark.Tank.S08E16",1,2,0,0,0,0,1,0,0,0,0,0,0,0,0,0,1,0,0,0,0,0,0,0,0,0,0,0,0,1,0,0,"OH",75000,0.2,375000,0,1,1,1,1,1,0,0
"202","DocSpartan","Shark.Tank.S08E16",2,2,4,0,0,0,1,0,0,0,0,1,0,0,0,1,0,0,0,0,0,0,0,0,0,0,0,0,0,0,0,1,"OH",75000,0.15,5e+05,0,1,1,1,1,1,0,0
"203","Toymail","Shark.Tank.S08E17",1,4,0,0,0,0,0,0,0,0,1,0,0,0,0,0,0,0,0,0,1,0,0,0,0,0,0,0,0,0,1,0,"NY",250000,0.025,1e+07,0,1,1,1,0,1,0,1
"204","EDNWallGarden","Shark.Tank.S08E17",1,2,0,0,0,0,1,0,0,0,0,0,0,0,0,0,0,0,0,0,0,0,0,0,0,0,0,1,0,1,0,0,"CO",150000,0.1,1500000,0,1,1,1,0,1,0,1
"205","elephantpants","Shark.Tank.S08E18",2,2,2,0,0,0,1,1,0,0,0,0,0,0,0,0,0,0,0,0,0,0,1,0,0,0,0,0,0,1,0,0,"NY",5e+05,0.1,5e+06,0,1,1,1,1,1,0,0
"206","Rareform","Shark.Tank.S08E19",2,2,2,0,0,0,1,1,0,0,0,0,0,0,0,0,0,0,0,0,0,0,1,0,0,0,0,0,0,1,0,0,"CA",3e+05,0.1,3e+06,1,1,1,1,0,1,0,0
"207","MealEnders","Shark.Tank.S08E19",1,2,0,0,0,0,1,0,0,0,0,0,0,0,0,0,1,0,0,0,0,0,0,0,0,0,0,0,0,1,0,0,"CA",350000,0.08,4375000,1,1,1,1,0,1,0,0
"208","GuardianBikes","Shark.Tank.S08E21",2,2,2,0,0,0,1,1,0,0,0,0,0,0,0,0,0,0,0,0,0,0,0,0,1,0,0,0,0,1,0,0,"CA",5e+05,0.1,5e+06,1,1,1,0,0,1,0,1
"209","WalletBuckle","Shark.Tank.S08E23",2,2,2,0,0,0,1,1,0,0,0,0,0,0,0,0,0,0,0,0,0,0,1,0,0,0,0,0,0,1,0,0,"CA",5e+05,0.1,5e+06,0,1,1,1,1,1,0,0
"210","ThompsonTee","Shark.Tank.S08E23",2,2,3,0,0,0,1,1,0,0,0,0,0,0,0,0,0,0,0,0,0,0,1,0,0,0,0,0,0,1,0,0,"CA",7e+05,0.07,1e+07,0,1,1,1,1,1,0,0
"211","RocketBook","Shark.Tank.S08E24",2,2,2,0,0,0,1,1,0,0,0,0,0,0,0,0,0,0,0,1,0,0,0,0,0,0,0,0,0,1,0,0,"MA",4e+05,0.1,4e+06,1,1,1,1,0,1,0,0
"212","SierraMadreResearch","Shark.Tank.S09E01",2,2,2,0,0,0,1,0,0,0,0,1,0,0,0,0,0,0,0,0,0,0,0,0,1,0,0,0,0,0,0,1,"MS",175000.05,0.15,1166667,0,1,1,1,1,0,0,1
"213","LockerBoard","Shark.Tank.S09E01",2,2,2,0,0,0,1,0,0,0,0,1,0,0,0,0,0,0,0,0,0,0,0,0,1,0,0,0,0,0,0,1,"CA",60000,0.15,4e+05,0,1,1,1,1,0,0,1
"214","Firdgetland","Shark.Tank.S09E03",1,2,0,0,0,0,1,0,0,0,0,0,0,0,0,0,0,0,1,0,0,0,0,0,0,0,0,0,0,1,0,0,"AZ",50000,0.1,5e+05,1,1,1,1,0,1,0,0
"215","IceShaker","Shark.Tank.S09E04",1,2,0,0,0,0,1,0,0,0,0,0,0,0,0,0,0,0,0,0,0,0,0,0,1,0,0,0,0,1,0,0,"TX",100000.05,0.15,666667,1,1,1,0,0,1,0,1
"216","DrainWig","Shark.Tank.S09E06",2,2,2,0,0,0,1,0,0,0,0,1,0,0,0,0,0,0,1,0,0,0,0,0,0,0,0,0,0,0,0,1,"UT",3e+05,0.05,6e+06,0,1,1,0,1,1,0,1
"217","Bravo","Shark.Tank.S09E09",2,4,4,0,0,0,1,0,0,0,0,1,0,0,0,0,0,0,0,1,0,0,0,0,0,0,0,0,0,0,0,1,"AZ",150000,0.05,3e+06,1,1,1,0,0,1,0,1
"218","SmartGurlz","Shark.Tank.S09E10",1,4,0,0,0,0,0,0,0,0,1,0,0,0,0,0,0,0,0,1,0,0,0,0,0,0,0,0,0,0,1,0,"MD",2e+05,0.05,4e+06,0,1,1,1,1,0,0,1
"219","Mush","Shark.Tank.S09E12",2,4,4,0,0,0,0,0,0,0,1,1,0,0,0,0,1,0,0,0,0,0,0,0,0,0,0,0,0,0,1,0,"CA",3e+05,0.1,3e+06,1,1,1,1,0,0,0,1
"220","Hater","Shark.Tank.S09E12",1,2,0,0,0,0,1,0,0,0,0,0,0,0,0,0,0,0,0,1,0,0,0,0,0,0,0,0,0,1,0,0,"NY",2e+05,0.05,4e+06,1,1,1,1,0,0,0,1
"221","EverlyWell","Shark.Tank.S09E12",1,2,0,0,0,0,0,0,0,0,1,0,0,0,0,1,0,0,0,0,0,0,0,0,0,0,0,0,0,0,1,0,"TX",1e+06,0.05,2e+07,1,1,1,1,0,0,0,1
"222","Frywall","Shark.Tank.S09E14",1,2,0,0,0,0,1,0,0,0,0,0,0,0,0,0,0,0,1,0,0,0,0,0,0,0,0,0,0,1,0,0,"NY",1e+05,0.1,1e+06,0,1,1,1,1,1,0,0
"223","iFork","Shark.Tank.S09E15",1,1,0,0,0,0,1,0,0,0,0,0,0,0,0,0,0,0,1,0,0,0,0,0,0,0,0,0,0,1,0,0,"NY",1e+05,0.05,2e+06,1,1,1,1,0,0,0,1
"224","GoatPetProducts","Shark.Tank.S09E16",1,2,0,0,0,0,0,0,0,0,1,0,0,0,0,0,0,0,0,0,0,0,0,0,0,1,0,0,0,0,1,0,"MI",498999.96,0.09,5544444,0,1,1,1,1,1,0,0
"225","AlicesTable","Shark.Tank.S09E17",1,2,0,0,0,0,0,0,0,0,1,0,0,0,0,0,0,1,0,0,0,0,0,0,0,0,0,0,0,0,1,0,"MA",252000,0.063,4e+06,0,1,1,0,1,1,0,1
"226","Pandaloon","Shark.Tank.S09E17",1,3,0,0,0,0,0,0,0,0,1,0,0,0,0,0,0,0,0,0,0,0,0,0,0,1,0,0,0,0,1,0,"CA",60000,0.2,3e+05,0,1,1,0,1,1,0,1
"227","Savy","Shark.Tank.S09E18",1,4,0,0,0,0,0,0,0,0,1,0,0,0,0,0,0,0,0,0,0,0,0,0,0,0,0,0,1,0,1,0,NA,1e+05,0.1,1e+06,0,1,1,1,1,1,0,0
"228","ThePop","Shark.Tank.S09E19",1,2,0,0,0,0,0,0,0,0,1,0,0,0,0,0,0,0,0,0,1,0,0,0,0,0,0,0,0,0,1,0,"NY",250000,0.05,5e+06,0,1,1,0,1,1,0,1
"229","SnapClips","Shark.Tank.S09E20",1,4,0,0,0,0,1,0,0,0,0,0,0,0,0,0,0,0,0,0,0,0,0,0,1,0,0,0,0,1,0,0,"IL",150000,0.15,1e+06,1,1,1,1,0,0,0,1
"230","Sap","Shark.Tank.S09E21",2,2,2,0,0,0,1,1,0,0,0,0,0,0,0,0,1,0,0,0,0,0,0,0,0,0,0,0,0,1,0,0,"VT",6e+05,0.12,5e+06,1,1,1,1,0,0,0,1
"231","Radiate","Shark.Tank.S09E21",2,2,2,0,0,0,1,1,0,0,0,0,0,0,0,0,0,0,0,0,0,0,0,0,1,0,0,0,0,1,0,0,NA,50000,0.2,250000,1,1,1,1,0,0,0,1
"232","GunnarOptiks","Shark.Tank.S09E22",1,2,0,0,0,0,1,0,0,0,0,0,0,0,0,0,0,0,1,0,0,0,0,0,0,0,0,0,0,1,0,0,"CA",750000,0.05,1.5e+07,1,1,1,1,0,0,0,1
"233","Solsource","Shark.Tank.S09E22",1,3,0,0,0,0,0,0,0,0,1,0,0,0,0,0,0,0,1,0,0,0,0,0,0,0,0,0,0,0,1,0,"CA",500000.01,0.03,16666667,1,1,1,1,0,0,0,1
"234","EggMazing","Shark.Tank.S09E23",2,2,2,0,0,0,1,1,0,0,0,0,0,0,0,0,0,0,1,0,0,0,0,0,0,0,0,0,0,1,0,0,"TX",350000,0.07,5e+06,1,1,1,1,0,1,0,0
"235","Coinout","Shark.Tank.S09E23",1,2,0,0,0,0,1,0,0,0,0,0,0,0,0,0,0,0,0,1,0,0,0,0,0,0,0,0,0,1,0,0,"NY",249999.975,0.075,3333333,1,1,1,1,0,1,0,0
"236","Coolpeds","Shark.Tank.S09E23",1,3,0,0,0,0,1,0,0,0,0,0,0,0,0,0,0,0,0,0,0,0,0,0,1,0,0,0,0,1,0,0,"CA",250000,0.05,5e+06,1,1,1,1,0,1,0,0
